Description,Stock_ID
ALARM CLOCK BAKELIKE PINK,64
ALARM CLOCK BAKELIKE RED,65
ALARM CLOCK BAKELIKE GREEN,61
PANDA AND BUNNIES STICKER SHEET,857
STARS GIFT TAPE,1337
INFLATABLE POLITICAL GLOBE,601
VINTAGE HEADS AND TAILS CARD GAME,1450
SET/2 RED RETROSPOT TEA TOWELS,1246
ROUND SNACK BOXES SET OF4 WOODLAND,1120
SPACEBOY LUNCH BOX,1324
LUNCH BOX I LOVE LONDON,711
CIRCUS PARADE LUNCH BOX,308
CHARLOTTE BAG DOLLY GIRL DESIGN,239
RED TOADSTOOL LED NIGHT LIGHT,1056
SET 2 TEA TOWELS I LOVE LONDON,1148
VINTAGE SEASIDE JIGSAW PUZZLES,1459
MINI JIGSAW CIRCUS PARADE,750
MINI JIGSAW SPACEBOY,754
MINI PAINT SET VINTAGE,757
PICTURE DOMINOES,910
MINI JIGSAW DOLLY GIRL,751
POLKADOT RAIN HAT,965
EDWARDIAN PARASOL BLACK,406
EDWARDIAN PARASOL PINK,408
EDWARDIAN PARASOL RED,409
RED  HARMONICA IN BOX,998
LUNCH BOX WITH CUTLERY RETROSPOT,712
SET OF SALT AND PEPPER TOADSTOOLS,1240
TEA PARTY BIRTHDAY CARD,1370
ASSORTED COLOUR MINI CASES,82
RED RETROSPOT MINI CASES,1030
BIG DOUGHNUT FRIDGE MAGNETS,115
POPPY'S PLAYHOUSE KITCHEN,972
RIBBON REEL POLKADOTS,1097
LUNCH BAG RED RETROSPOT,703
LUNCH BAG WOODLAND,710
HOT WATER BOTTLE BABUSHKA,586
BREAD BIN DINER STYLE RED,180
ROSE COTTAGE KEEPSAKE BOX,1110
CLASSICAL ROSE SMALL VASE,313
RED RETROSPOT PURSE,1037
RAIN PONCHO RETROSPOT,983
DECORATIVE CATS BATHROOM BOTTLE,345
SET/10 RED POLKADOT PARTY CANDLES,1245
BASKET OF TOADSTOOLS,110
PARTY BUNTING,884
ALARM CLOCK BAKELIKE ORANGE,63
5 HOOK HANGER RED MAGIC TOADSTOOL,37
GUMBALL COAT RACK,542
FIVE HEART HANGING DECORATION,469
PINK  HONEYCOMB PAPER BALL,916
LUNCH BAG CARS BLUE,698
STRAWBERRY LUNCH BOX WITH CUTLERY,1348
CERAMIC STRAWBERRY TRINKET TRAY,235
RETROSPOT LARGE MILK JUG,1083
RED RETROSPOT BUTTER DISH,1024
REGENCY CAKESTAND 3 TIER,1062
GREEN 3 PIECE POLKADOT CUTLERY SET,526
RED 3 PIECE RETROSPOT CUTLERY SET,999
BLUE 3 PIECE POLKADOT CUTLERY SET,137
CHERRY BLOSSOM  DECORATIVE FLASK,243
CHILDS BREAKFAST SET SPACEBOY,267
CHILDS BREAKFAST SET DOLLY GIRL,266
CHILDS BREAKFAST SET CIRCUS PARADE,265
RETROSPOT LAMP,1082
PACK OF 12 RED RETROSPOT TISSUES,823
PACK OF 12 WOODLAND TISSUES,831
PACK OF 12 SUKI TISSUES,827
PACK OF 12 SPACEBOY TISSUES,825
PACK OF 12 CIRCUS PARADE TISSUES,815
BLUE GEISHA GIRL,144
GREEN GEISHA GIRL,529
PLASTERS IN TIN WOODLAND ANIMALS,956
PLASTERS IN TIN SPACEBOY,953
PARTY TIME PENCIL ERASERS,896
SET OF 6 3D KIT CARDS FOR KIDS,1214
HAND WARMER RED RETROSPOT,549
DINOSAUR KEYRINGS ASSORTED,349
CERAMIC STRAWBERRY MONEY BOX,234
CERAMIC CHERRY CAKE MONEY BANK,229
PAPERWEIGHT CHILDHOOD MEMORIES,875
RED GINGHAM TEDDY BEAR,1011
NURSE'S BAG SOFT TOY,799
TOOL BOX SOFT TOY,1382
TRADITIONAL WOODEN CATCH CUP GAME,1394
SET OF 6 SOLDIER SKITTLES,1224
PINK PAINTED KASHMIRI CHAIR,937
JAM MAKING SET PRINTED,614
SET/4 SKULL BADGES,1256
SET/10 BLUE POLKADOT PARTY CANDLES,1242
BLACK RECORD COVER FRAME,135
"RECORD FRAME 7"" SINGLE SIZE",989
ROBOT BIRTHDAY CARD,1101
"FANCY FONT BIRTHDAY CARD,",444
BOOM BOX SPEAKER BOYS,166
RED RETROSPOT CUP,1028
IVORY DINER WALL CLOCK,602
SNOWSTORM PHOTO FRAME FRIDGE MAGNET,1311
WOODLAND CHARLOTTE BAG,1521
WOODLAND  STICKERS,1519
PACK OF 72 RETROSPOT CAKE CASES,849
OFFICE MUG WARMER POLKADOT,803
OFFICE MUG WARMER PINK,802
COFFEE MUG CAT + BIRD DESIGN,318
COFFEE MUG DOG + BALL DESIGN,319
TABLECLOTH RED APPLES DESIGN,1365
DOORMAT RESPECTABLE HOUSE,386
RED RETROSPOT CHILDRENS UMBRELLA,1027
PINK POLKADOT CHILDRENS UMBRELLA,940
BOX OF 24 COCKTAIL PARASOLS,171
METAL SIGN TAKE IT OR LEAVE IT,744
PACK OF 20 NAPKINS RED APPLES,833
TEA BAG PLATE RED RETROSPOT,1366
LOVELY BONBON STICKER SHEET,694
CANDY SHOP  STICKER SHEET,203
SKULLS  WATER TRANSFER TATTOOS,1283
SET OF 2 TEA TOWELS APPLE AND PEARS,1174
HOT WATER BOTTLE TEA AND SYMPATHY,588
RETROSPOT HEART HOT WATER BOTTLE,1081
GREY HEART HOT WATER BOTTLE,538
SCOTTIE DOG HOT WATER BOTTLE,1134
BIRD HOUSE HOT WATER BOTTLE,120
CLOTHES PEGS RETROSPOT PACK 24,315
FELTCRAFT PRINCESS CHARLOTTE DOLL,465
FELTCRAFT PRINCESS LOLA DOLL,466
FELTCRAFT DOLL MARIA,459
LUNCH BAG SUKI  DESIGN,706
LUNCH BAG SPACEBOY DESIGN,705
10 COLOUR SPACEBOY PEN,0
POPPY'S PLAYHOUSE BEDROOM,971
POPPY'S PLAYHOUSE BATHROOM,970
MAGIC DRAWING SLATE CIRCUS PARADE,714
DELUXE SEWING KIT,347
WRAP I LOVE LONDON,1545
VINTAGE CARAVAN GIFT WRAP,1435
BLUE SCANDINAVIAN PAISLEY WRAP,161
PAPER CHAIN KIT VINTAGE CHRISTMAS,873
PAPER CHAIN KIT 50'S CHRISTMAS,868
MAKE YOUR OWN PLAYTIME CARD KIT,729
MAKE YOUR OWN MONSOON CARD KIT,728
FAIRY CAKE BIRTHDAY CANDLE SET,437
TEA TIME PARTY BUNTING,1371
TRADITIONAL CHRISTMAS RIBBONS,1389
CHRISTMAS RETROSPOT ANGEL WOOD,297
FELT TOADSTOOL  SMALL,450
SET 7 BABUSHKA NESTING BOXES,1163
RED WOOLLY HOTTIE WHITE HEART.,1058
FAWN BLUE HOT WATER BOTTLE,446
MEASURING TAPE BABUSHKA RED,734
CHILDRENS DOLLY GIRL MUG,261
DOORMAT RED RETROSPOT,385
SET OF 2 ROUND TINS CAMEMBERT,1173
RED RETROSPOT CAKE STAND,1025
RECIPE BOX RETROSPOT,988
WOODLAND PARTY BAG + STICKER SET,1527
PACK OF 20 NAPKINS PANTRY DESIGN,832
SET OF 20 VINTAGE CHRISTMAS NAPKINS,1179
PINK CREAM FELT CRAFT TRINKET BOX,923
CUPCAKE LACE PAPER SET 6,335
PINK PARTY BAGS,938
BLUE PARTY BAGS,149
WRAP RED APPLES,1549
OVEN MITT APPLES DESIGN,810
CHILDRENS APRON APPLES DESIGN,252
WRAP GREEN PEARS,1544
DOLLY GIRL LUNCH BOX,366
CHILDREN'S APRON DOLLY GIRL,249
RETROSPOT PARTY BAG + STICKER SET,1085
PINK 3 PIECE POLKADOT CUTLERY SET,920
EASTER TIN BUNNY BOUQUET,402
60 CAKE CASES DOLLY GIRL DESIGN,44
72 SWEETHEART FAIRY CAKE CASES,48
SET/6 RED SPOTTY PAPER CUPS,1266
SET/6 RED SPOTTY PAPER PLATES,1267
RED RETROSPOT OVEN GLOVE,1032
SET OF 9 HEART SHAPED BALLOONS,1239
SET OF 9 BLACK SKULL BALLOONS,1238
CHILDREN'S SPACEBOY MUG,251
CHILDREN'S CIRCUS PARADE MUG,250
SPACEBOY CHILDRENS EGG CUP,1322
CIRCUS PARADE CHILDRENS EGG CUP,307
DOLLY GIRL CHILDRENS EGG CUP,365
SET/10 IVORY POLKADOT PARTY CANDLES,1243
SET/10 PINK POLKADOT PARTY CANDLES,1244
RIBBON REEL MAKING SNOWMEN,1096
RIBBON REEL SNOWY VILLAGE,1098
6 RIBBONS RUSTIC CHARM,42
4 TRADITIONAL SPINNING TOPS,35
PLASTERS IN TIN CIRCUS PARADE,951
JUMBO BAG PINK POLKADOT,631
JUMBO BAG SPACEBOY DESIGN,635
SKULL LUNCH BOX WITH CUTLERY,1279
TOADSTOOL MONEY BOX,1376
SET/3 DECOUPAGE STACKING TINS,1249
SMALL POPCORN HOLDER,1296
HAIRCLIPS FORTIES FABRIC ASSORTED,545
BIRD DECORATION RED RETROSPOT,119
METAL DECORATION NAUGHTY CHILDREN,738
RIBBON REEL STRIPES DESIGN,1099
ASSORTED COLOUR BIRD ORNAMENT,81
WOODEN BOX OF DOMINOES,1505
TRADITIONAL MODELLING CLAY,1391
BLUE HARMONICA IN BOX,146
RED RETROSPOT TRADITIONAL TEAPOT,1047
"ELEPHANT, BIRTHDAY CARD,",417
DOORMAT UNION FLAG,388
VINTAGE BILLBOARD TEA MUG,1434
BALLOONS  WRITING SET,108
FUNKY WASHING UP GLOVES ASSORTED,498
ASSTD DESIGN 3D PAPER STICKERS,91
KEEP OUT BOYS DOOR HANGER,647
NINJA RABBIT PINK,794
SPACE OWL,1316
12 PENCILS TALL TUBE RED RETROSPOT,8
WICKER WREATH LARGE,1495
HEART OF WICKER SMALL,568
S/6 SEW ON CROCHET FLOWERS,1126
SPACE CADET RED,1315
BLACK CANDELABRA T-LIGHT HOLDER,128
"KEY FOB , BACK DOOR",648
"KEY FOB , SHED",649
ETCHED GLASS COASTER,436
6 RIBBONS EMPIRE,41
SCANDINAVIAN REDS RIBBONS,1133
URBAN BLACK RIBBONS,1424
CHRISTMAS METAL TAGS ASSORTED,295
SET OF 4 NAPKIN CHARMS CROWNS,1207
SET OF 4 NAPKIN CHARMS CUTLERY,1208
PACK OF 12 PINK POLKADOT TISSUES,821
PACK OF 12 HEARTS DESIGN TISSUES,818
SET OF 3 NOTEBOOKS IN PARCEL,1185
PLACE SETTING WHITE HEART,950
SET OF 3 HEART COOKIE CUTTERS,1184
RIBBON REEL CHRISTMAS SOCK BAUBLE,1092
RIBBON REEL HEARTS DESIGN,1094
RIBBON REEL LACE DESIGN,1095
STRAWBERRY BATH SPONGE,1342
SANDWICH BATH SPONGE,1129
MAGNETS PACK OF 4 CHILDHOOD MEMORY,721
MAGNETS PACK OF 4 VINTAGE LABELS,726
MAGNETS PACK OF 4 VINTAGE COLLAGE,725
ANTIQUE ALL GLASS CANDLESTICK,70
SET OF 3 CAKE TINS PANTRY DESIGN,1181
AIRLINE BAG VINTAGE JET SET RED,55
AIRLINE BAG VINTAGE JET SET BROWN,54
WOODLAND DESIGN  COTTON TOTE BAG,1522
LETS GO SHOPPING COTTON TOTE BAG,684
RED RETROSPOT TISSUE BOX,1046
CAROUSEL DESIGN WASHBAG,222
SCOTTIES DESIGN WASHBAG,1136
BLUE TEA TOWEL CLASSIC DESIGN,164
RED TEA TOWEL CLASSIC DESIGN,1055
MOTORING TISSUE BOX,781
ANTIQUE GLASS PEDESTAL BOWL,72
PHOTO CUBE,905
ANTIQUE SILVER TEA GLASS ENGRAVED,75
ZINC METAL HEART DECORATION,1559
AGED GLASS SILVER T-LIGHT HOLDER,53
GREY FLORAL FELTCRAFT SHOULDER BAG,537
FELTCRAFT CHRISTMAS FAIRY,454
SQUARECUSHION COVER PINK UNION FLAG,1330
REX CASH+CARRY JUMBO SHOPPER,1090
LUNCH BAG DOLLY GIRL DESIGN,700
FELT FARM ANIMAL WHITE BUNNY,449
FAIRY TALE COTTAGE NIGHTLIGHT,442
ASS COLOUR GLOWING TIARAS,78
PINK HEART SHAPE EGG FRYING PAN,930
TOAST ITS - I LOVE YOU,1380
EDWARDIAN PARASOL NATURAL,407
RED DRAGONFLY HELICOPTER,1004
HAND WARMER BABUSHKA DESIGN,546
GINGERBREAD MAN COOKIE CUTTER,508
LONDON BUS COFFEE MUG,687
BOOM BOX SPEAKER GIRLS,167
CABIN BAG VINTAGE RETROSPOT,192
CHARLOTTE BAG PINK POLKADOT,240
SPACEBOY BIRTHDAY CARD,1319
BLUE POLKADOT CUP,153
PACK OF 6 SKULL PAPER CUPS,841
PLASTERS IN TIN STRONGMAN,954
NO SINGING METAL SIGN,795
LARGE POPCORN HOLDER,673
FIRST CLASS PASSPORT COVER,468
UNION JACK FLAG PASSPORT COVER,1422
PINK UNION JACK  PASSPORT COVER,946
TRAVEL SEWING KIT,1407
SET/20 RED RETROSPOT PAPER NAPKINS,1247
PACK OF 72 SKULL CAKE CASES,850
PACK OF 60 MUSHROOM CAKE CASES,846
OFFICE MUG WARMER CHOC+BLUE,801
COFFEE MUG PEARS  DESIGN,320
COFFEE MUG APPLES DESIGN,317
CARRIAGE,223
BAKING MOULD EASTER EGG MILK CHOC,99
BAKING MOULD EASTER EGG WHITE CHOC,100
METAL SIGN CUPCAKE SINGLE HOOK,740
"METAL SIGN,CUPCAKE SINGLE HOOK",745
CAKE PLATE LOVEBIRD PINK,194
CAKE PLATE LOVEBIRD WHITE,195
CUTE CATS TAPE,337
12 PENCIL SMALL TUBE WOODLAND,4
12 PENCILS SMALL TUBE RED RETROSPOT,5
PACK OF 20 SKULL PAPER NAPKINS,834
FOLDING UMBRELLA CREAM POLKADOT,479
DOLLY MIXTURE CHILDREN'S UMBRELLA,369
FOLDING UMBRELLA RED/WHITE POLKADOT,481
CALENDAR PAPER CUT DESIGN,201
PACK OF 60 PINK PAISLEY CAKE CASES,847
SILK PURSE BABUSHKA RED,1270
BLUE ROSE FABRIC MIRROR,160
ASSORTED BOTTLE TOP  MAGNETS,80
TEA FOR ONE POLKADOT,1368
JAM JAR WITH PINK LID,613
PINK DOUGHNUT TRINKET POT,925
ROUND SNACK BOXES SET OF 4 FRUITS,1118
PAPER BUNTING RETROSPOT,864
CERAMIC HEART FAIRY CAKE MONEY BANK,230
CERAMIC PIRATE CHEST MONEY BANK,231
ROMANTIC IMAGES GIFT WRAP SET,1108
WOOD STAMP SET HAPPY BIRTHDAY,1501
MINI FUNKY DESIGN TAPES,749
PLASTERS IN TIN VINTAGE PAISLEY,955
PACK OF 60 DINOSAUR CAKE CASES,845
WOODEN SKITTLES GARDEN SET,1514
WOODEN CROQUET GARDEN SET,1506
SET 12 KIDS COLOUR  CHALK STICKS,1144
SET 12 KIDS  WHITE CHALK STICKS,1143
DOCTOR'S BAG SOFT TOY,355
PIGGY BANK RETROSPOT,913
BAKING SET 9 PIECE RETROSPOT,103
BAKING SET SPACEBOY DESIGN,104
RED RETROSPOT PICNIC BAG,1034
FELTCRAFT DOLL MOLLY,460
BLACK/BLUE POLKADOT UMBRELLA,136
JUMBO BAG RED RETROSPOT,633
RED RETROSPOT SHOPPING BAG,1040
RED RETROSPOT CHARLOTTE BAG,1026
RED RETROSPOT APRON,1021
CHILDRENS APRON SPACEBOY DESIGN,253
SET OF 20 KIDS COOKIE CUTTERS,1178
SILK PURSE BABUSHKA PINK,1269
CREAM FELT EASTER EGG BASKET,329
RETROSPOT TEA SET CERAMIC 11 PC,1087
RETRO PLASTIC POLKA TRAY,1077
RED POLKADOT COFFEE  MUG,1019
BLACK LOVE BIRD CANDLE,133
HOME SWEET HOME MUG,582
SET3 BOOK BOX GREEN GINGHAM FLOWER,1268
SET/3 RED GINGHAM ROSE STORAGE BOX,1250
WATERING CAN PINK BUNNY,1478
ROMANTIC PINKS RIBBONS,1109
BRIGHT BLUES RIBBONS,181
CHOCOLATE BOX RIBBONS,279
ALARM CLOCK BAKELIKE CHOCOLATE,60
ALARM CLOCK BAKELIKE IVORY,62
KITTY PENCIL ERASERS,655
SLEEPING CAT ERASERS,1289
BUTTERFLIES STICKERS,191
RED GINGHAM ROSE JEWELLERY BOX,1010
GUMBALL MAGAZINE RACK,543
PLASTERS IN TIN SKULLS,952
SOLDIERS EGG CUP,1313
RED BABY BUNTING,1001
DINOSAUR LUNCH BOX WITH CUTLERY,350
MINI WOODEN HAPPY BIRTHDAY GARLAND,763
FAIRY CAKE FLANNEL ASSORTED COLOUR,438
PASTEL COLOUR HONEYCOMB FAN,897
OFFICE MUG WARMER BLACK+SILVER,800
GROW YOUR OWN HERBS SET OF 3,540
POPPY'S PLAYHOUSE LIVINGROOM,973
CHARLOTTE BAG SUKI DESIGN,241
STRAWBERRY CHARLOTTE BAG,1344
LOVE LARGE WOOD LETTERS,692
SET OF 72 RETROSPOT PAPER  DOILIES,1237
CAKE STAND WHITE TWO TIER LACE,198
STRAWBERRY CERAMIC TRINKET BOX,1343
SWEETHEART CERAMIC TRINKET BOX,1356
CAKE STAND 3 TIER MAGIC GARDEN,196
PACK OF 6 SKULL PAPER PLATES,842
PAPERWEIGHT KINGS CHOICE,876
S/6 WOODEN SKITTLES IN COTTON BAG,1127
"SWISS ROLL TOWEL, CHOCOLATE  SPOTS",1362
DANISH ROSE DECORATIVE PLATE,341
SET OF 6 VINTAGE NOTELETS KIT,1232
VINTAGE UNION JACK CUSHION COVER,1463
EMPIRE TISSUE BOX,425
DOORMAT UNION JACK GUNS AND ROSES,389
AREA PATROLLED METAL SIGN,77
METAL SIGN NEIGHBOURHOOD WITCH,743
METAL SIGN EMPIRE TEA,741
HOME SWEET HOME METAL SIGN,581
FRIDGE MAGNETS US DINER ASSORTED,492
MAGNETS PACK OF 4 SWALLOWS,724
SET/5 RED RETROSPOT LID GLASS BOWLS,1257
ASSORTED EASTER DECORATIONS  BELLS,85
FRYING PAN UNION FLAG,495
KNITTED UNION FLAG HOT WATER BOTTLE,657
KINGS CHOICE TEA CADDY,654
KINGS CHOICE MUG,653
CHOCOLATE THIS WAY METAL SIGN,282
MONEY BOX KINGS CHOICE DESIGN,778
SET OF 12  VINTAGE POSTCARD SET,1166
DANISH ROSE DELUXE COASTER,342
LARGE CAKE TOWEL PINK SPOTS,667
RED RETROSPOT TAPE,1044
BOTTLE BAG RETROSPOT,170
POMPOM CURTAIN,967
QUEENS GUARD COFFEE MUG,981
3 PIECE SPACEBOY COOKIE CUTTER SET,16
PACK OF 6 BIRDY GIFT TAGS,836
RETROSPOT CHILDRENS APRON,1080
JUMBO BAG TOYS,637
PINK BABY BUNTING,921
CARD HOLDER GINGHAM HEART,213
RED SPOTTY BISCUIT TIN,1053
JUMBO STORAGE BAG SUKI,644
JUMBO BAG WOODLAND ANIMALS,641
RETRO PLASTIC ELEPHANT TRAY,1076
"FEATHER PEN,LIGHT PINK",447
CERAMIC STRAWBERRY CAKE MONEY BANK,232
FELTCRAFT CUSHION BUTTERFLY,455
FELTCRAFT DOLL EMILY,458
WORLD WAR 2 GLIDERS ASSTD DESIGNS,1533
FELTCRAFT HAIRBANDS PINK AND WHITE,464
MIRRORED WALL ART STARS,771
WOODLAND  HEIGHT CHART STICKERS,1518
APPLE BATH SPONGE,76
PARTY INVITES WOODLAND,891
RAINY LADIES BIRTHDAY CARD,984
PACK OF 12 LONDON TISSUES,819
RED RETROSPOT UMBRELLA,1048
VINTAGE BILLBOARD LOVE/HATE MUG,1432
CROCHET ROSE PURSE WITH SUEDE BACK,334
GLASS JAR PEACOCK BATH SALTS,520
DOORMAT SPOTTY HOME SWEET HOME,387
DOORMAT ENGLISH ROSE,374
FELTCRAFT PRINCESS OLIVIA DOLL,467
5 HOOK HANGER MAGIC TOADSTOOL,36
3 HOOK HANGER MAGIC GARDEN,15
LA PALMIERA TILE HOOK,659
FLOWERS TILE HOOK,471
PSYCHEDELIC TILE HOOK,978
BATH BUILDING BLOCK WORD,111
WELCOME  WOODEN BLOCK LETTERS,1479
HOME BUILDING BLOCK WORD,578
METAL SIGN HIS DINNER IS SERVED,742
ROUND SNACK BOXES SET OF 4 SKULLS,1119
PACK OF 20 SPACEBOY NAPKINS,835
SET OF 72 PINK HEART PAPER DOILIES,1236
BABUSHKA LIGHTS STRING OF 10,95
COWBOYS AND INDIANS BIRTHDAY CARD,328
HOLIDAY FUN LUDO,577
FELTCRAFT DOLL ROSIE,461
STRAWBERRY DREAM CHILDS UMBRELLA,1345
WOOD BLACK BOARD ANT WHITE FINISH,1498
VINTAGE CREAM 3 BASKET CAKE STAND,1442
SET 20 NAPKINS FAIRY CAKES DESIGN,1149
IVORY PILLAR CANDLE SILVER FLOCK,607
4 PINK DINNER CANDLE SILVER FLOCK,34
PAPER CHAIN KIT RETROSPOT,871
SET OF 3 BUTTERFLY COOKIE CUTTERS,1180
RECIPE BOX PANTRY YELLOW DESIGN,987
SET OF 3 CAKE TINS SKETCHBOOK,1182
ANTIQUE GLASS DRESSING TABLE POT,71
WOODEN PICTURE FRAME WHITE FINISH,1510
SWEETHEART WIRE WALL TIDY,1359
CREAM SWEETHEART EGG HOLDER,332
WHITE BROCANTE SOAP DISH,1482
SOAP DISH BROCANTE,1312
3 TRADITIONAl BISCUIT CUTTERS  SET,20
SET OF 6 T-LIGHTS CACTI,1227
BALLOON WATER BOMB PACK OF 35,107
VINTAGE SNAKES & LADDERS,1460
PICNIC BASKET WICKER SMALL,908
BINGO SET,117
WOODEN ROUNDERS GARDEN SET,1512
VICTORIAN SEWING BOX SMALL,1430
DOORMAT NEW ENGLAND,383
ROSES REGENCY TEACUP AND SAUCER,1112
SEASIDE FLYING DISC,1137
RED HEART SHAPE LOVE BUCKET,1013
MINI LADLE LOVE HEART RED,755
RED RETROSPOT SMALL MILK JUG,1041
TV DINNER TRAY DOLLY GIRL,1420
SPACEBOY TV DINNER TRAY,1327
SKULL DESIGN TV DINNER TRAY,1278
DOORMAT NEIGHBOURHOOD WITCH,382
MEASURING TAPE BABUSHKA PINK,733
LUNCH BAG PINK POLKADOT,702
BAKING MOULD CHOCOLATE CUPCAKES,98
GROW A FLYTRAP OR SUNFLOWER IN TIN,539
PARTY INVITES SPACEMAN,890
FOOD/DRINK SPONGE STICKERS,485
PACK OF 60 SPACEBOY CAKE CASES,848
LOVE HEART SOCK HANGER,690
ASSORTED COLOURS SILK FAN,84
RED RETROSPOT LUGGAGE TAG,1029
GLASS JAR DAISY FRESH COTTON WOOL,519
SMALL SILVER TRELLIS CANDLEPOT,1301
ASSORTED EASTER GIFT TAGS,86
EASTER TIN KEEPSAKE,405
EASTER TIN CHICKS IN GARDEN,403
JAM MAKING SET WITH JARS,615
JAM JAR WITH GREEN LID,612
"TUMBLER, NEW ENGLAND",1415
MAGIC SHEEP WOOL GROWING FROM PAPER,720
BOYS VINTAGE TIN SEASIDE BUCKET,177
GIRLS VINTAGE TIN SEASIDE BUCKET,513
CURIOUS IMAGES GIFT WRAP SET,336
SMALL RED RETROSPOT WINDMILL,1300
LARGE RED RETROSPOT WINDMILL,676
RED RETROSPOT BOWL,1023
PINK POLKADOT BOWL,939
WHEELBARROW FOR CHILDREN,1480
CHILDS GARDEN TROWEL PINK,277
CHILDS GARDEN TROWEL BLUE,276
FELT TOADSTOOL LARGE,451
WRAP VINTAGE PETALS  DESIGN,1552
WRAP ALPHABET DESIGN,1536
RED RETROSPOT BIG BOWL,1022
RED RETROSPOT PLATE,1035
RED RETROSPOT ROUND CAKE TINS,1038
CARTOON  PENCIL SHARPENERS,225
12 PENCILS TALL TUBE WOODLAND,9
PICNIC BOXES SET OF 3 RETROSPOT,909
12 COLOURED PARTY BALLOONS,1
PARTY INVITES DINOSAURS,887
PARTY INVITES JAZZ HEARTS,889
12 PENCILS SMALL TUBE SKULL,6
TRADITIONAL KNITTING NANCY,1390
SKULLS PARTY BAG + STICKER SET,1285
DINOSAUR PARTY BAG + STICKER SET,351
BAG 125g SWIRLY MARBLES,96
TRADITIONAL WOODEN SKIPPING ROPE,1395
CHILDS GARDEN FORK PINK,271
CHILDS GARDEN FORK BLUE,270
TOAST ITS - BEST MUM,1377
BALLOON PUMP WITH 10 BALLOONS,106
PINK LOVE BIRD CANDLE,932
SET/6 PINK BIRD T-LIGHT CANDLES,1263
SET/6 FROG PRINCE T-LIGHT CANDLES,1260
STRAWBERRY   PICNIC BAG,1341
CHINESE DRAGON PAPER LANTERNS,278
SET/20 STRAWBERRY PAPER NAPKINS,1248
ILLUSTRATED CAT BOWL,600
RED RETROSPOT TEA CUP AND SAUCER,1045
PINK NEW BAROQUECANDLESTICK CANDLE,934
STANDING FAIRY POLE SUPPORT,1332
20 DOLLY PEGS RETROSPOT,13
SET OF 6 GIRLS CELEBRATION CANDLES,1217
SET/4 RED MINI ROSE CANDLE IN BOWL,1255
S/4 PINK FLOWER CANDLES IN BOWL,1125
ORANGE VOTIVE CANDLE,805
STRAWBRY SCENTED VOTIVE CANDLE,1351
POLKADOT PEN,964
FUNKY DIVA PEN,497
CHILDS GARDEN SPADE BLUE,274
CHILDS GARDEN SPADE PINK,275
CHILDS GARDEN RAKE BLUE,272
CHILDS GARDEN RAKE PINK,273
CHILDS GARDEN BRUSH BLUE,268
CHILDS GARDEN BRUSH PINK,269
CHILDRENS GARDEN GLOVES BLUE,262
CHILDRENS GARDEN GLOVES PINK,263
CARD I LOVE LONDON,215
DAIRY MAID TRADITIONAL TEAPOT,339
RETRO COFFEE MUGS ASSORTED,1073
HOMEMADE JAM SCENTED CANDLES,583
PAPER CHAIN KIT EMPIRE,869
FULL ENGLISH BREAKFAST PLATE,496
BOX OF VINTAGE JIGSAW BLOCKS,176
WRAP DOILEY DESIGN,1540
RETROSPOT PADDED SEAT CUSHION,1084
12 EGG HOUSE PAINTED WOOD,2
SET 3 PAPER VINTAGE CHICK PAPER EGG,1150
RED LOVE HEART SHAPE CUP,1016
PINK LOVE HEART SHAPE CUP,933
MULTICOLOUR HONEYCOMB FAN,786
CARD CIRCUS PARADE,210
CARD BIRTHDAY COWBOY,207
MINI CAKE STAND T-LIGHT HOLDER,748
RED RETROSPOT STORAGE JAR,1042
RIBBON REEL CHRISTMAS PRESENT,1091
TOTE BAG I LOVE LONDON,1384
DOORMAT I LOVE LONDON,379
DOORMAT AIRMAIL,372
CHILDRENS CUTLERY RETROSPOT RED,259
CHILDRENS CUTLERY POLKADOT BLUE,256
SKULL AND CROSSBONES  GARLAND,1277
PARTY CONES CANDY TREE DECORATION,886
JUNGLE POPSICLES ICE LOLLY HOLDERS,645
NOVELTY BISCUITS CAKE STAND 3 TIER,798
PAPER BUNTING VINTAGE PAISLEY,865
WATERING CAN GREEN DINOSAUR,1477
WATERING CAN BLUE ELEPHANT,1476
GROW YOUR OWN PLANT IN A CAN,541
PINK  POLKADOT CUP,918
BLUE POLKADOT BOWL,151
PINK  POLKADOT PLATE,919
DINOSAUR HEIGHT CHART STICKER SET,348
36 PENCILS TUBE WOODLAND,27
36 PENCILS TUBE RED RETROSPOT,25
BLUE POLKADOT PLATE,157
PAPER BUNTING WHITE LACE,867
MULTICOLOUR HONEYCOMB PAPER GARLAND,787
SET/6 POSIES PAPER CUPS,1264
SET/6 COLLAGE PAPER CUPS,1258
SET/6 COLLAGE PAPER PLATES,1259
HANGING HEART JAR T-LIGHT HOLDER,554
CARD WEDDING DAY,220
CARD GINGHAM ROSE,212
EASTER TIN CHICKS PINK DAISY,404
TEA TIME TABLE CLOTH,1372
3D HEARTS  HONEYCOMB PAPER GARLAND,29
SET/6 POSIES PAPER PLATES,1265
PINK BLUE FELT CRAFT TRINKET BOX,922
FELTCRAFT CUSHION RABBIT,457
FELTCRAFT CUSHION OWL,456
SPACEBOY BABY GIFT SET,1317
CIRCUS PARADE BABY GIFT SET,306
GIRAFFE WOODEN RULER,512
I LOVE LONDON BABY GIFT SET,591
STRAWBERRY HONEYCOMB  GARLAND,1347
SET 3 SONG BIRD PAPER EGGS ASSORTED,1152
BIRDS MOBILE VINTAGE DESIGN,121
PINK PADDED MOBILE,936
FELTCRAFT HAIRBAND PINK AND BLUE,463
HEN HOUSE W CHICK STANDING,574
SET OF 4 PANTRY JELLY MOULDS,1209
ABC TREASURE BOOK BOX,50
RECYCLED ACAPULCO MAT RED,994
RECYCLED ACAPULCO MAT TURQUOISE,995
RECYCLED ACAPULCO MAT GREEN,991
RECYCLED ACAPULCO MAT PINK,993
SET/4 BADGES BALLOON GIRL,1251
EGG CUP NATURAL CHICKEN,413
JAM CLOCK MAGNET,611
RED SPOT CERAMIC DRAWER KNOB,1051
CHEST OF DRAWERS GINGHAM HEART,247
WRAP POPPIES  DESIGN,1548
REVOLVER WOODEN RULER,1089
STRAWBERRY FAIRY CAKE TEAPOT,1346
SMALL DOLLY MIX DESIGN ORANGE BOWL,1292
MIXED NUTS LIGHT GREEN BOWL,773
SMALL MARSHMALLOWS PINK BOWL,1295
JUMBO STORAGE BAG SKULLS,643
JUMBO BAG OWLS,629
JUMBO BAG DOLLY GIRL DESIGN,628
LUNCH BAG  BLACK SKULL.,695
LUNCH BAG SUKI DESIGN,707
"SET 3 RETROSPOT TEA,COFFEE,SUGAR",1151
TRAVEL CARD WALLET PANTRY,1400
TRAVEL CARD WALLET RETRO PETALS,1401
TRAVEL CARD WALLET TRANSPORT,1403
COTTON APRON PANTRY DESIGN,327
CHILDRENS CUTLERY POLKADOT GREEN,257
ROUND CONTAINER SET OF 5 RETROSPOT,1117
VINTAGE CARAVAN GREETING CARD,1436
CARD PSYCHEDELIC APPLES,218
RECYCLED ACAPULCO MAT LAVENDER,992
60 TEATIME FAIRY CAKE CASES,46
PINK FAIRY CAKE CHILDRENS APRON,926
CHILDRENS CUTLERY POLKADOT PINK,258
PARTY TIME DESIGN FLANNEL,895
CAKES AND RABBITS DESIGN FLANNEL,200
FOLDING UMBRELLA WHITE/RED POLKADOT,482
FOLDING UMBRELLA BLACKBLUE POLKADOT,477
FOLDING UMBRELLA CHOCOLATE POLKADOT,478
FOLDING UMBRELLA PINKWHITE POLKADOT,480
MEDIUM PINK BUDDHA HEAD,735
BLUE DINER WALL CLOCK,140
RED DINER WALL CLOCK,1003
36 DOILIES DOLLY GIRL,21
PACK OF 12 BLUE PAISLEY TISSUES,814
JUMBO BAG STRAWBERRY,636
TRAVEL CARD WALLET UNION JACK,1404
TRAVEL CARD WALLET FLOWER MEADOW,1397
MAGNETS PACK OF 4 RETRO PHOTO,723
MAGNETS PACK OF 4 HOME SWEET HOME,722
BLACK KITCHEN SCALES,132
BAKING MOULD HEART WHITE CHOCOLATE,102
BAKING MOULD HEART MILK CHOCOLATE,101
SET OF 36 TEATIME PAPER DOILIES,1197
GREEN REGENCY TEACUP AND SAUCER,534
RED RETROSPOT MUG,1031
MILK PAN RED RETROSPOT,747
SET OF 6 NATIVITY MAGNETS,1220
CHRISTMAS LIGHTS 10 REINDEER,291
SWEETIES  STICKERS,1360
ALPHABET HEARTS STICKER SHEET,66
HAPPY STENCIL CRAFT,562
MONSTERS STENCIL CRAFT,779
PANTRY ROLLING PIN,859
SET 2 PANTRY DESIGN TEA TOWELS,1147
LADYBIRD + BEE RAFFIA FOOD COVER,661
FELT EGG COSY CHICKEN,448
HANGING HEN ON NEST DECORATION,558
MULTICOLOUR RABBIT EGG WARMER,788
ICE CREAM SUNDAE LIP GLOSS,598
SET OF 5 PANCAKE DAY MAGNETS,1213
CHERRY BLOSSOM DECORATIVE FLASK,244
Manual,789
DOLLY GIRL BABY GIFT SET,361
WRAP CAROUSEL,1537
RED RETROSPOT WRAP,1049
RING OF ROSES BIRTHDAY CARD,1100
FRENCH ENAMEL WATER BASIN,488
DOORMAT WELCOME TO OUR HOME,391
KNICKERBOCKERGLORY MAGNET ASSORTED,656
SET OF 5 LUCKY CAT MAGNETS,1211
ENAMEL FLOWER JUG CREAM,428
RECYCLED ACAPULCO MAT BLUE,990
AIRLINE BAG VINTAGE JET SET WHITE,56
AIRLINE BAG VINTAGE TOKYO 78,57
ROUND CAKE TIN VINTAGE GREEN,1115
ROUND CAKE TIN VINTAGE RED,1116
SET OF 6 SPICE TINS PANTRY DESIGN,1225
GLASS  BEURRE DISH,515
SET OF 36 PAISLEY FLOWER DOILIES,1195
GREEN GIANT GARDEN THERMOMETER,530
IVORY GIANT GARDEN THERMOMETER,603
LUNCH BAG APPLE DESIGN,697
CAST IRON HOOK GARDEN TROWEL,226
TRAVEL CARD WALLET VINTAGE TICKET,1406
TRAVEL CARD WALLET VINTAGE ROSE,1405
RED RETROSPOT SUGAR JAM BOWL,1043
WAKE UP COCKEREL TILE HOOK,1468
WHITE LOVEBIRD LANTERN,1488
FRIDGE MAGNETS LA VIE EN ROSE,490
HANGING SPRING FLOWER EGG SMALL,561
IVORY HANGING DECORATION  HEART,604
PICNIC BASKET WICKER LARGE,907
WHITE HANGING HEART T-LIGHT HOLDER,1485
CHARLOTTE BAG APPLES DESIGN,238
ICE CREAM PEN LIP GLOSS,597
CHILDRENS CUTLERY SPACEBOY,260
CHILDRENS CUTLERY DOLLY GIRL,255
CHILDRENS CUTLERY CIRCUS PARADE,254
DOUGHNUT LIP GLOSS,393
SET OF 5 MINI GROCERY MAGNETS,1212
JUNGLE POPSICLES ICE LOLLY MOULDS,646
SMALL SKULL WINDMILL,1302
WOODEN HAPPY BIRTHDAY GARLAND,1507
ICE CREAM DESIGN GARDEN PARASOL,596
TOY TIDY DOLLY GIRL DESIGN,1386
TOY TIDY SPACEBOY,1388
SET OF 6 STRAWBERRY CHOPSTICKS,1226
PAPERWEIGHT VINTAGE COLLAGE,878
VINTAGE KID DOLLY CARD,1452
PENNY FARTHING BIRTHDAY CARD,900
CARD DOLLY GIRL,211
TEATIME ROUND PENCIL SHARPENER,1373
JUMBO BAG APPLES,626
LARGE DECO JEWELLERY STAND,669
SMALL DECO JEWELLERY STAND,1291
LUNCH BAG VINTAGE LEAF DESIGN,709
JUMBO  BAG BAROQUE BLACK WHITE,623
GYMKHANA TREASURE BOOK BOX,544
RECYCLING BAG RETROSPOT,996
MINI JIGSAW LEAP FROG,752
MAGIC DRAWING SLATE SPACEBOY,719
PACK OF 12 COLOURED PENCILS,816
PACK OF 12 TRADITIONAL CRAYONS,828
PAINT YOUR OWN CANVAS SET,853
PAISLEY PATTERN  STICKERS,856
PARTY INVITES FOOTBALL,888
VINTAGE UNION JACK MEMOBOARD,1465
MARIE ANTOINETTE TRINKET BOX SILVER,731
MARIE ANTOINETTE TRINKET BOX GOLD,730
SINGLE ANTIQUE ROSE HOOK IVORY,1275
TRIPLE HOOK ANTIQUE IVORY ROSE,1412
PARLOUR CERAMIC WALL HOOK,883
LED TEA LIGHTS,683
RETROSPOT SMALL TUBE MATCHES,1086
COFFEE MUG PINK PAISLEY DESIGN,321
PARISIENNE JEWELLERY DRAWER,880
PARISIENNE SEWING BOX,882
CERAMIC BOWL WITH STRAWBERRY DESIGN,228
BLUE POLKADOT COFFEE MUG,152
RED POLKADOT BEAKER,1018
TOADSTOOL BEDSIDE LIGHT,1375
RED FLOWER CROCHET FOOD COVER,1009
CHERRY CROCHET FOOD COVER,245
ZINC HERB GARDEN CONTAINER,1558
ENAMEL COLANDER CREAM,427
3 TIER CAKE TIN RED AND CREAM,19
BISCUIT TIN VINTAGE RED,126
BREAD BIN DINER STYLE IVORY,178
DO NOT TOUCH MY STUFF DOOR HANGER,354
DOOR HANGER  MUM + DADS ROOM,370
HOT BATHS METAL SIGN,584
I'M ON HOLIDAY METAL SIGN,594
COOK WITH WINE METAL SIGN,323
BEWARE OF THE CAT METAL SIGN,114
PLEASE ONE PERSON METAL SIGN,961
LADIES & GENTLEMEN METAL SIGN,660
ENCHANTED BIRD COATHANGER 5 HOOK,431
TV DINNER TRAY AIR HOSTESS,1419
MEMO BOARD COTTAGE DESIGN,736
MEMO BOARD RETROSPOT  DESIGN,737
BLUE STRIPE CERAMIC DRAWER KNOB,163
WHITE SPOT BLUE CERAMIC DRAWER KNOB,1491
RED STRIPE CERAMIC DRAWER KNOB,1054
WHITE SPOT RED CERAMIC DRAWER KNOB,1492
VICTORIAN GLASS HANGING T-LIGHT,1427
RED COAT RACK PARIS FASHION,1002
YELLOW COAT RACK PARIS FASHION,1553
BLUE COAT RACK PARIS FASHION,139
TOXIC AREA  DOOR HANGER,1385
FRIDGE MAGNETS LES ENFANTS ASSORTED,491
CLEAR DRAWER KNOB ACRYLIC EDWARDIAN,314
BLUE DRAWER KNOB ACRYLIC EDWARDIAN,141
RABBIT NIGHT LIGHT,982
REGENCY TEA PLATE ROSES,1068
LUNCH BAG DOILEY PATTERN,699
SPOTTY BUNTING,1328
CARD CAT AND TREE,208
PARISIENNE CURIO CABINET,879
PINK POLKADOT GARDEN PARASOL,941
BLUE HAPPY BIRTHDAY BUNTING,145
DOORMAT KEEP CALM AND COME IN,380
POTTING SHED SEED ENVELOPES,976
GINGHAM HEART DECORATION,510
ZINC T-LIGHT HOLDER STAR LARGE,1560
ZINC T-LIGHT HOLDER STARS SMALL,1561
EIGHT PIECE SNAKE  SET,416
"ASSORTED FLOWER COLOUR ""LEIS""",87
SET OF 10 LED DOLLY LIGHTS,1165
BALLOON ART MAKE YOUR OWN FLOWERS,105
PACK 3 BOXES BIRD PANNETONE,812
REGENCY TEA PLATE GREEN,1066
REGENCY TEA PLATE PINK,1067
BANQUET BIRTHDAY  CARD,109
GIN & TONIC DIET GREETING CARD,506
"GREETING CARD, OVERCROWDED POOL.",536
REGENCY SUGAR TONGS,1065
BUNDLE OF 3 SCHOOL EXERCISE BOOKS,189
JUMBO BAG DOILEY PATTERNS,627
BUNDLE OF 3 RETRO NOTE BOOKS,188
BUNDLE OF 3 ALPHABET EXERCISE BOOKS,187
LUNCH BAG ALPHABET DESIGN,696
PARISIENNE KEY CABINET,881
REGENCY SUGAR BOWL GREEN,1064
REGENCY TEAPOT ROSES,1071
PACK OF 6 SWEETIE GIFT BOXES,844
PACK OF 6 PANNETONE GIFT BOXES,840
PACK OF 6 HANDBAG GIFT BOXES,838
SMALL PURPLE BABUSHKA NOTEBOOK,1297
ZINC  STAR T-LIGHT HOLDER,1556
ORIGAMI SANDLEWOOD INCENSE+FLOWER,807
ENAMEL PINK COFFEE CONTAINER,429
ENAMEL PINK TEA CONTAINER,430
TUMBLER NEW ENGLAND,1414
CHRYSANTHEMUM NOTEBOOK,303
SKULLS  DESIGN  COTTON TOTE BAG,1281
SINGLE HEART ZINC T-LIGHT HOLDER,1276
RETROSPOT CANDLE  SMALL,1079
36 PENCILS TUBE SKULLS,26
JUMBO BAG VINTAGE LEAF,640
BLUE POLKADOT GARDEN PARASOL,154
UNION STRIPE WITH FRINGE  HAMMOCK,1423
PINK  HEART SHAPE LOVE BUCKET,915
JIGSAW TREE WITH BIRDHOUSE,619
FOLDING BUTTERFLY MIRROR HOT PINK,474
FOLDING BUTTERFLY MIRROR RED,476
GREEN POLKADOT PLATE,533
CAKE STAND LOVEBIRD 2 TIER PINK,197
SWEETHEART CAKESTAND 3 TIER,1355
JUMBO BAG PEARS,630
SMALL HAMMERED SILVER CANDLEPOT,1293
NATURAL SLATE CHALKBOARD LARGE,790
BREAD BIN DINER STYLE PINK,179
VINTAGE CREAM CAT FOOD CONTAINER,1443
GIN + TONIC DIET METAL SIGN,507
OPEN CLOSED METAL SIGN,804
"AIRLINE LOUNGE,METAL SIGN",59
REGENCY MILK JUG PINK,1063
CLASSIC CAFE SUGAR DISPENSER,309
SWEETHEART RECIPE BOOK STAND,1357
CREAM HEART CARD HOLDER,330
LARGE IVORY HEART WALL ORGANISER,672
WHITE HEARTS WIRE PLANT POT HOLDER,1487
IVORY PILLAR CANDLE GOLD FLOCK,606
4 IVORY DINNER CANDLES SILVER FLOCK,33
WHITE HEART CONFETTI IN TUBE,1486
SET 6 PAPER TABLE LANTERN HEARTS,1160
RED RETROSPOT PEG BAG,1033
OWL DOORSTOP,811
SET OF 2 TINS JARDIN DE PROVENCE,1176
BLUE PAISLEY JOURNAL,148
PINK FAIRY CAKE CUSHION COVER,927
POLYESTER FILLER PAD 40x40cm,966
SWEETHEART WIRE MAGAZINE RACK,1358
SET OF 60 VINTAGE LEAF CAKE CASES,1235
SET OF 60 PANTRY DESIGN CAKE CASES,1234
SET 6 FOOTBALL CELEBRATION CANDLES,1159
SET OF 36 DOILIES PANTRY DESIGN,1192
IVORY KITCHEN SCALES,605
MINT KITCHEN SCALES,766
SET OF 60 I LOVE LONDON CAKE CASES,1233
DANISH ROSE TRINKET TRAYS,344
SET/6 FRUIT SALAD PAPER CUPS,1262
SET/6 FRUIT SALAD  PAPER PLATES,1261
WRAP CIRCUS PARADE,1539
GARDENERS KNEELING PAD CUP OF TEA,499
HOUSE SHAPE PENCIL SHARPENER,589
CAKES AND BOWS GIFT  TAPE,199
SILVER STARS TABLE DECORATION,1273
WRAP ENGLISH ROSE,1542
WRAP PINK FAIRY CAKES,1547
SILVER BELLS TABLE DECORATION,1271
PENS ASSORTED FUNNY FACE,902
PENS ASSORTED SPACEBALL,903
WOODEN SCHOOL COLOURING SET,1513
CLASSIC METAL BIRDCAGE PLANT HOLDER,312
PAPER BUNTING COLOURED LACE,862
FOLDING BUTTERFLY MIRROR IVORY,475
SET OF 10 LANTERNS FAIRY LIGHT STAR,1164
LOVE BUILDING BLOCK WORD,688
JUMBO BAG SCANDINAVIAN BLUE PAISLEY,634
JUMBO BAG PINK VINTAGE PAISLEY,632
JUMBO SHOPPER VINTAGE RED PAISLEY,642
JUMBO BAG ALPHABET,625
RED RETROSPOT PUDDING BOWL,1036
6 ROCKET BALLOONS,43
VINTAGE RED ENAMEL TRIM PLATE,1457
VINTAGE RED ENAMEL TRIM MUG,1456
VINTAGE RED TRIM ENAMEL BOWL,1458
VINTAGE RED ENAMEL TRIM JUG,1455
GREEN VINTAGE SPOT BEAKER,535
PINK VINTAGE SPOT BEAKER,948
SET OF 4 KNICK KNACK TINS DOILEY,1201
SET OF 4 KNICK KNACK TINS LEAVES,1204
SET OF 4 KNICK KNACK TINS LONDON,1205
SET OF 3 REGENCY CAKE TINS,1186
FAIRY CAKES NOTEBOOK A6 SIZE,439
WASHROOM METAL SIGN,1475
ASS FLORAL PRINT MULTI SCREWDRIVER,79
SET OF 4 JAM JAR MAGNETS,1200
GREEN BIRDHOUSE DECORATION,527
BLUE BIRDHOUSE DECORATION,138
EGG FRYING PAN BLUE,414
EGG FRYING PAN RED,415
GLASS CLOCHE SMALL,518
WHITE GOOSE FEATHER CHRISTMAS TREE,1483
WHITE GOOSE FEATHER TREE 60CM,1484
PINK HAPPY BIRTHDAY BUNTING,929
RED VINTAGE SPOT BEAKER,1057
18PC WOODEN CUTLERY SET DISPOSABLE,12
PACK OF 6 LARGE FRUIT STRAWS,839
FELTCRAFT 6 FLOWER FRIENDS,452
FELTCRAFT GIRL AMELIE KIT,462
SANDALWOOD FAN,1128
PARTY PIZZA DISH RED RETROSPOT,894
36 FOIL HEART CAKE CASES,23
CARD PARTY GAMES,217
12 MESSAGE CARDS WITH ENVELOPES,3
VINTAGE DONKEY TAIL GAME,1448
PENS ASSORTED FUNKY JEWELED,901
TOOTHPASTE TUBE PEN,1383
PACK OF 6 COCKTAIL PARASOL STRAWS,837
DOILEY STORAGE TIN,359
TREASURE TIN GYMKHANA DESIGN,1410
TREASURE TIN BUFFALO BILL,1409
DOLLY GIRL CHILDRENS BOWL,363
DOLLY GIRL CHILDRENS CUP,364
6PC WOOD PLATE SET DISPOSABLE,47
TROPICAL  HONEYCOMB PAPER GARLAND,1413
MULTICOLOUR 3D BALLS GARLAND,785
CARD SUKI BIRTHDAY,219
PINK OWL SOFT TOY,935
PINK FLOWER FABRIC PONY,928
SET OF 6 CAKE CHOPSTICKS,1215
PINK REGENCY TEACUP AND SAUCER,944
STORAGE TIN VINTAGE LEAF,1340
SET OF 4 KNICK KNACK TINS POPPIES,1206
ROUND STORAGE TIN VINTAGE LEAF,1121
SPACEBOY CHILDRENS CUP,1321
SPACEBOY CHILDRENS BOWL,1320
POPCORN HOLDER,968
BLUE REFECTORY CLOCK,159
MINT DINER WALL CLOCK,764
LIPSTICK PEN RED,685
36 FOIL STAR CAKE CASES,24
ZINC FOLKART SLEIGH BELLS,1557
BLUE POLKADOT BEAKER,150
GLASS  SONGBIRD STORAGE JAR,516
BLUE VINTAGE SPOT BEAKER,165
SUKI  SHOULDER BAG,1352
GREEN POLKADOT BOWL,532
POLKADOT COFFEE CUP & SAUCER PINK,963
WALL TIDY RETROSPOT,1474
JAZZ HEARTS ADDRESS BOOK,616
JAZZ HEARTS PURSE NOTEBOOK,617
HANGING HEART ZINC T-LIGHT HOLDER,557
DRAWER KNOB CRACKLE GLAZE PINK,398
DRAWER KNOB CRACKLE GLAZE GREEN,397
DRAWER KNOB CRACKLE GLAZE BLUE,396
PHOTO FRAME CORNICE,906
PICTURE FRAME WOOD TRIPLE PORTRAIT,911
CREAM SWEETHEART MINI CHEST,333
SET OF 4 KNICK KNACK TINS LEAF,1203
SET OF 6 TEA TIME BAKING CASES,1231
SET OF 12 MINI LOAF BAKING CASES,1169
SET OF 12 FAIRY CAKE BAKING CASES,1167
SET OF 6 SNACK LOAF BAKING CASES,1223
LARGE HEART MEASURING SPOONS,671
TOY TIDY PINK POLKADOT,1387
DRAWER KNOB CERAMIC IVORY,394
HEART FILIGREE DOVE LARGE,566
PARTY PIZZA DISH GREEN POLKADOT,892
PARTY PIZZA DISH PINK POLKADOT,893
PAPER CHAIN KIT SKULLS,872
VINTAGE CHRISTMAS BUNTING,1437
DOLLY GIRL BEAKER,362
SPACEBOY BEAKER,1318
PAPERWEIGHT SAVE THE PLANET,877
MAKE YOUR OWN FLOWERPOWER CARD KIT,727
STAR WREATH DECORATION WITH BELL,1336
SET 40 HEART SHAPE PETIT FOUR CASES,1158
SET OF 4 KNICK KNACK TINS DOILY,1202
LUNCH BAG VINTAGE DOILY,708
JUMBO BAG VINTAGE DOILY,639
BLUE POLKADOT WRAP,158
BIRD DECORATION GREEN POLKADOT,118
ADULT APRON APPLE DELIGHT,51
SET/4 COLOURFUL MIXING BOWLS,1253
PAIR PADDED HANGERS PINK CHECK,855
SCOTTIE DOGS BABY BIB,1135
DOORMAT HEARTS,377
BOX OF 6 MINI VINTAGE CRACKERS,174
BOX OF 6 MINI 50'S CRACKERS,173
CHRISTMAS PUDDING TRINKET POT,296
GREEN CHRISTMAS TREE STRING 20LIGHT,528
WHITE WICKER STAR,1494
GARLAND WITH STARS AND BELLS,502
FOLKART STAR CHRISTMAS DECORATIONS,483
SET OF 2 CERAMIC CHRISTMAS TREES,1171
SET OF 2 CERAMIC CHRISTMAS REINDEER,1170
SET OF 3 WOODEN STOCKING DECORATION,1189
SET OF 3 WOODEN SLEIGH DECORATIONS,1188
CHRISTMAS TREE HANGING GOLD,301
LAUREL HEART ANTIQUE GOLD,679
HEART WREATH DECORATION WITH BELL,572
CHRISTMAS CARD STACK OF PRESENTS,284
6 GIFT TAGS 50'S CHRISTMAS,39
6 GIFT TAGS VINTAGE CHRISTMAS,40
ROLL WRAP VINTAGE CHRISTMAS,1106
WRAP CHRISTMAS VILLAGE,1538
WRAP 50'S  CHRISTMAS,1535
LAUREL STAR ANTIQUE SILVER,680
REINDEER HEART DECORATION SILVER,1072
ROLL WRAP 50'S CHRISTMAS,1104
CANDY SPOT HAND BAG,204
MR ROBOT SOFT TOY,783
RED RETROSPOT SHOPPER BAG,1039
MAGIC DRAWING SLATE DOLLY GIRL,716
RED METAL BOX TOP SECRET,1017
PANTRY SCRUBBING BRUSH,860
PANTRY WASHING UP BRUSH,861
CARAVAN SQUARE TISSUE BOX,205
SKULLS AND CROSSBONES WRAP,1284
WRAP SUKI AND FRIENDS,1551
FANCY FONTS BIRTHDAY WRAP,445
PINK POLKADOT WRAP,943
SKULLS TAPE,1288
POLKA DOT RAFFIA FOOD COVER,962
TREASURE ISLAND BOOK BOX,1408
VINTAGE LEAF MAGNETIC NOTEPAD,1454
BOX OF VINTAGE ALPHABET BLOCKS,175
SET/4 BADGES CUTE CREATURES,1252
MODERN FLORAL STATIONERY SET,776
SMALL WHITE RETROSPOT MUG IN BOX,1304
RETROSPOT CANDLE  LARGE,1078
RED  EGG  SPOON,997
HANGING MINI COLOURED BOTTLES,559
LARGE CAMPHOR WOOD FIELD MUSHROOM,668
SMALL CAMPHOR WOOD FIELD  MUSHROOM,1290
MINI JIGSAW PURDEY,753
WRAP  VINTAGE DOILY,1534
CERAMIC STRAWBERRY DESIGN MUG,233
DOORMAT MERRY CHRISTMAS RED,381
GINGHAM HEART  DOORSTOP RED,509
VINTAGE UNION JACK DOORSTOP,1464
SPOTTY PINK DUCK DOORSTOP,1329
ASSORTED TUTTI FRUTTI BRACELET,88
NOEL GARLAND PAINTED ZINC,796
PINK VINTAGE PAISLEY PICNIC BAG,947
SCANDINAVIAN PAISLEY PICNIC BAG,1132
ROLL WRAP 50'S RED CHRISTMAS,1105
ROLL WRAP VINTAGE SPOT,1107
CARD BILLBOARD FONT,206
FLYING PIG WATERING CAN,473
DAISIES  HONEYCOMB GARLAND,340
RIBBON REEL FLORA + FAUNA,1093
ICE CREAM BUBBLES,595
I LOVE LONDON BEAKER,592
CHICK GREY HOT WATER BOTTLE,248
SAVE THE PLANET COTTON TOTE BAG,1130
LOVE HOT WATER BOTTLE,691
RUSTIC STRAWBERRY JAM POT SMALL,1124
CHILDRENS TOY COOKING UTENSIL SET,264
ROUND WHITE CONFETTI IN TUBE,1122
MULTICOLOUR  CONFETTI IN TUBE,784
PINK  HEART CONFETTI IN TUBE,914
BISCUIT TIN VINTAGE GREEN,125
STORAGE TIN VINTAGE DOILY,1339
TEA PARTY  WRAPPING PAPER,1369
WRAP DOLLY GIRL,1541
PINK JEWELLED MIRROR TRINKET TRAY,931
ASSORTED TUTTI FRUTTI MIRROR,89
LOVE GARLAND PAINTED ZINC,689
PURPLE PAPER PARASOL,980
RETRO PLASTIC 70'S TRAY,1075
CAMOUFLAGE LED TORCH,202
BUFFALO BILL TREASURE BOOK BOX,185
ASSTD DESIGN RACING CAR PEN,92
SAVE THE PLANET MUG,1131
LARGE BONNE JAM JAR  T-LIGHT HOLDER,666
HEADS AND TAILS SPORTING FUN,563
SET OF 36 DOILIES SPACEBOY DESIGN,1193
WOODLAND STORAGE BOX LARGE,1531
SET OF 4 ENGLISH ROSE COASTERS,1198
FOOD CONTAINER SET 3 LOVE HEART,484
CHRISTMAS TOILET ROLL,300
200 RED + WHITE BENDY STRAWS,14
DINOSAURS  WRITING SET,352
CHARLOTTE BAG VINTAGE ALPHABET,242
SILVER TEDDY BEAR,1274
JOY WOODEN BLOCK LETTERS,622
SET OF 4 FAIRY CAKE PLACEMATS,1199
ROCKING HORSE RED CHRISTMAS,1103
ROCKING HORSE GREEN CHRISTMAS,1102
CHRISTMAS CRAFT WHITE FAIRY,287
3D VINTAGE CHRISTMAS STICKERS,32
WHITE BAMBOO RIBS LAMPSHADE,1481
AIRLINE BAG VINTAGE WORLD CHAMPION,58
PINK/PURPLE RETRO RADIO,949
GIANT 50'S CHRISTMAS CRACKER,503
SET OF 6 T-LIGHTS SNOWMEN,1229
BROWN CHECK CAT DOORSTOP,183
PACK OF 12 DOLLY GIRL TISSUES,817
BLACK CHUNKY BEAD BRACELET W STRAP,130
CHOCOLATE HOT WATER BOTTLE,281
HANGING HEART BONHEUR,553
BELLE JARDINIERE CUSHION COVER,113
LA JARDIN BOTANIQUE CUSHION COVER,658
HOME SWEET HOME CUSHION COVER,579
RED KITCHEN SCALES,1014
AMETHYST CHUNKY BEAD BRACELET W STR,68
PACK OF 12 VINTAGE LEAF TISSUES,830
SMALL YELLOW BABUSHKA NOTEBOOK,1305
MAGIC DRAWING SLATE GO TO THE FAIR,717
MAGIC DRAWING SLATE BUNNIES,713
CACTI T-LIGHT CANDLES,193
SKULLS  STICKERS,1282
DOORMAT PEACE ON EARTH BLUE,384
DOORMAT HOME SWEET HOME BLUE,378
WHITE SKULL HOT WATER BOTTLE,1490
CHERUB HEART DECORATION GOLD,246
SPACEBOY MINI BACKPACK,1325
DOLLY GIRL MINI BACKPACK,367
I LOVE LONDON MINI BACKPACK,593
WOODLAND MINI BACKPACK,1526
BLACK CHRISTMAS TREE 120CM,129
FAIRY TALE COTTAGE NIGHT LIGHT,441
REGENCY TEA SPOON,1069
REGENCY CAKE FORK,1060
REGENCY CAKE SLICE,1061
SQUARECUSHION COVER PINK UNION JACK,1331
JUMBO BAG VINTAGE CHRISTMAS,638
STOOL HOME SWEET HOME,1338
HANGING QUILTED PATCHWORK APPLES,560
FOOT STOOL HOME SWEET HOME,486
TRELLIS COAT RACK,1411
TRAVEL CARD WALLET KEEP CALM,1399
NOEL WOODEN BLOCK LETTERS,797
SPACEBOY ROCKET LOLLY MAKERS,1326
WOODLAND BUNNIES LOLLY MAKERS,1520
DAIRY MAID STRIPE MUG,338
FRENCH STYLE STORAGE JAR BONBONS,489
ENGLISH ROSE GARDEN SECATEURS,432
"WHITE TEA,COFFEE,SUGAR JARS",1493
LOLITA  DESIGN  COTTON TOTE BAG,686
PACKING CHARGE,852
CLASSIC GLASS COOKIE JAR,311
SET 6 SCHOOL MILK BOTTLES IN CRATE,1162
VINTAGE CHRISTMAS PAPER GIFT BAG,1439
RED SPOT PAPER GIFT BAG,1052
SPACEBOY GIFT WRAP,1323
WRAP GINGHAM ROSE,1543
HAND WARMER SCOTTY DOG DESIGN,550
SWEETHEART 3 TIER CAKE STAND,1354
FRENCH ENAMEL CANDLEHOLDER,487
SET OF 2 WOODEN MARKET CRATES,1177
LANTERN CREAM GAZEBO,665
POTTERING IN THE SHED METAL SIGN,975
SOMBRERO,1314
PACK OF 12 SKULL TISSUES,824
BLUE OWL SOFT TOY,147
SET 10 NIGHT OWL LIGHTS,1138
WOODEN OWLS LIGHT GARLAND,1509
SET 36 COLOUR PENCILS DOLLY GIRL,1154
COSY SLIPPER SHOES SMALL GREEN,326
PHARMACIE FIRST AID TIN,904
WRAP PAISLEY PARK,1546
WRAP RED VINTAGE DOILY,1550
SET OF 12 FORK CANDLES,1168
DOG BOWL CHASING BALL DESIGN,356
GLASS BONNE JAM JAR,517
CARD CHRISTMAS VILLAGE,209
36 DOILIES VINTAGE CHRISTMAS,22
CHRISTMAS CRAFT LITTLE FRIENDS,285
"BIRTHDAY CARD, RETRO SPOT",122
SET 36 COLOUR PENCILS SPACEBOY,1156
MINI PLAYING CARDS DOLLY GIRL,759
MINI PLAYING CARDS SPACEBOY,762
MINI PLAYING CARDS FUN FAIR,760
MINI PLAYING CARDS GYMKHANA,761
MINI PLAYING CARDS BUFFALO BILL,758
SET 12 COLOUR PENCILS DOLLY GIRL,1139
SET 12 COLOUR PENCILS SPACEBOY,1141
CHRISTMAS LIGHTS 10 VINTAGE BAUBLES,293
SET OF 3 WOODEN TREE DECORATIONS,1190
VINTAGE DOILY TRAVEL SEWING KIT,1447
POPPY FIELDS CHOPPING BOARD,969
VINTAGE LEAF CHOPPING BOARD,1453
RED APPLES CHOPPING BOARD,1000
SET OF 2 TEA TOWELS PING MICROWAVE,1175
NATURAL SLATE HEART CHALKBOARD,791
VINTAGE UNION JACK BUNTING,1462
HOT WATER BOTTLE KEEP CALM,587
GARDENERS KNEELING PAD KEEP CALM,500
PACK OF 12 RED APPLE TISSUES,822
PACK OF 12 PAISLEY PARK TISSUES,820
SWIRLY CIRCULAR RUBBERS IN BAG,1361
PIG KEYRING WITH LIGHT & SOUND,912
ENGLISH ROSE NOTEBOOK A7 SIZE,434
FAIRY CAKES NOTEBOOK A7 SIZE,440
REGENCY TEA STRAINER,1070
VINTAGE SNAP CARDS,1461
GRAND CHOCOLATECANDLE,525
RED ENAMEL FLOWER RING,1006
BLACK ENAMEL FLOWER RING,131
SET 12 COLOUR PENCILS LOVE LONDON,1140
PINK DINER WALL CLOCK,924
HOME SWEET HOME HOOK,580
SET OF 6 T-LIGHTS SANTA,1228
FLOWER VINE RAFFIA FOOD COVER,470
STRAWBERRY RAFFIA FOOD COVER,1349
PLAYING CARDS JUBILEE UNION JACK,958
PLAYING CARDS I LOVE LONDON,957
EMPIRE BIRTHDAY CARD,424
KEY RING BASEBALL BOOT UNION JACK,651
SET 36 COLOUR PENCILS LOVE LONDON,1155
PAPER CHAIN KIT LONDON,870
LE JARDIN BOTANIQUE CUSHION COVER,682
TUSCAN VILLA BIRD TABLE,1417
TUSCAN VILLA DOVECOTE,1418
EMBROIDERED RIBBON REEL REBECCA,420
ORIGAMI VANILLA INCENSE/CANDLE SET,808
ORIGAMI JASMINE INCENSE/CANDLE SET,806
STRAWBERRY SHOPPER BAG,1350
RED FLOCK LOVE HEART PHOTO FRAME,1008
12 PENCILS TALL TUBE POSY,7
LAVENDER SCENTED FABRIC HEART,681
PAINTED METAL PEARS ASSORTED,854
TOAST ITS - FAIRY FLOWER,1378
COSY HOUR CIGAR BOX MATCHES,325
ASSORTED TUTTI FRUTTI SMALL PURSE,90
BAG 250g SWIRLY MARBLES,97
CHOCOLATE CALCULATOR,280
UNION JACK FLAG LUGGAGE TAG,1421
GLAMOROUS  MUG,514
MORE BUTTER METAL SIGN,780
SET 12 RETRO WHITE CHALK STICKS,1145
SKULL SHOULDER BAG,1280
SET OF 6 HEART CHOPSTICKS,1219
SMALL RED RETROSPOT MUG IN BOX,1299
FRYING PAN RED RETROSPOT,494
FRYING PAN PINK POLKADOT,493
MILK PAN BLUE POLKADOT,746
JIGSAW TOADSTOOLS 3 PIECE,618
TEA COSY RED  STRIPE,1367
BLUE POLKADOT KIDS BAG,155
KINGS CHOICE BISCUIT TIN,652
MONEY BOX CONFECTIONERY DESIGN,777
PENCIL CASE LIFE IS BEAUTIFUL,899
WOODEN UNION JACK BUNTING,1517
DOORSTOP RETROSPOT HEART,392
MAGIC DRAWING SLATE LEAP FROG,718
MAGIC DRAWING SLATE DINOSAUR,715
HAND WARMER UNION JACK,551
BLACK AND WHITE CAT BOWL,127
FAMILY PHOTO FRAME CORNICE,443
SET OF 6 T-LIGHTS TOADSTOOLS,1230
VINTAGE CREAM DOG FOOD CONTAINER,1444
DOG BOWL VINTAGE CREAM,357
TRAVEL CARD WALLET RETROSPOT,1402
TRAVEL CARD WALLET I LOVE LONDON,1398
COCKTAIL SWORDS 50 PIECES,316
PANTRY MAGNETIC  SHOPPING LIST,858
BISCUIT TIN VINTAGE CHRISTMAS,124
BISCUIT TIN 50'S CHRISTMAS,123
16 PIECE CUTLERY SET PANTRY DESIGN,11
SET OF 3 WOODEN HEART DECORATIONS,1187
SET OF 2 CERAMIC PAINTED HEARTS,1172
SET OF 3 HANGING OWLS OLLIE BEAK,1183
VINTAGE CHRISTMAS GIFT SACK,1438
GINGHAM RECIPE BOOK BOX,511
PLAYING CARDS VINTAGE DOILY,960
ENGLISH ROSE SMALL SCENTED FLOWER,435
DOORMAT BLACK FLOCK,373
HI TEC ALPINE HAND WARMER,576
SET OF 6 HALLOWEEN GHOST T-LIGHTS,1218
MOUSE TOY WITH PINK T-SHIRT,782
DANISH ROSE ROUND SEWING BOX,343
ASSTD FRUIT+FLOWERS FRIDGE MAGNETS,93
THREE CANVAS LUGGAGE TAGS,1374
HYACINTH BULB T-LIGHT CANDLES,590
CHARLIE & LOLA WASTEPAPER BIN FLORA,236
LARGE HANGING IVORY & RED WOOD BIRD,670
EMBROIDERED RIBBON REEL ROSIE,421
SET 12 COLOURING PENCILS DOILY,1142
BOX OF 6 CHRISTMAS CAKE DECORATIONS,172
JUMBO BAG 50'S CHRISTMAS,624
BOTANICAL GARDENS WALL CLOCK,168
WIRE EGG BASKET,1497
ANGEL DECORATION STARS ON DRESS,69
EMBROIDERED RIBBON REEL EMILY,419
WALL ART STOP FOR TEA,1473
WALL ART CLASSIC PUDDINGS,1471
ADVENT CALENDAR GINGHAM SACK,52
MINI LIGHTS WOODLAND MUSHROOMS,756
CLASSIC CHROME BICYCLE BELL,310
SET OF 6 FUNKY BEAKERS,1216
EGG CUP MILKMAID HEIDI,410
EGG CUP MILKMAID INGRID,412
WOOD STAMP SET BEST WISHES,1499
WOODLAND SMALL PINK FELT HEART,1529
GIFT BAG BIRTHDAY,504
KEY RING BASEBALL BOOT ASSORTED,650
MOBILE VINTAGE HEARTS,774
SET 12 VINTAGE DOILY CHALK,1146
OVAL  MINI PORTRAIT FRAME,809
VINTAGE CHRISTMAS TABLECLOTH,1441
TOAST ITS - HAPPY BIRTHDAY,1379
SET OF 36 SPACEBOY PAPER DOILIES,1196
SET OF 36 DINOSAUR PAPER DOILIES,1191
SET OF 36 DOLLY GIRL PAPER DOILIES,1194
TRADTIONAL ALPHABET STAMP SET,1396
TRADITIONAL NAUGHTS & CROSSES,1392
WOODEN ADVENT CALENDAR RED,1504
SET OF 4 SANTA PLACE SETTINGS,1210
JINGLE BELL HEART ANTIQUE GOLD,620
STAR WOODEN CHRISTMAS DECORATION,1335
HEART WOODEN CHRISTMAS DECORATION,571
WHITE ROCKING HORSE HAND PAINTED,1489
RED ROCKING HORSE HAND PAINTED,1050
SKULLS STORAGE BOX SMALL,1287
MIRRORED WALL ART POPPIES,768
MIRRORED WALL ART SKULLS,769
MIRRORED WALL ART SPLODGES,770
CARROT CHARLIE+LOLA COASTER SET,224
TOMATO CHARLIE+LOLA COASTER SET,1381
BLUE EGG  SPOON,142
IVORY WICKER HEART LARGE,608
STAR T-LIGHT HOLDER WILLIE WINKIE,1334
HEART T-LIGHT HOLDER WILLIE WINKIE,570
SILVER MUG BONE CHINA TREE OF LIFE,1272
T-LIGHT GLASS FLUTED ANTIQUE,1363
JINGLE BELL HEART DECORATION,621
VINTAGE BILLBOARD MUG,1433
RATTLE SNAKE EGGS,986
RETRO MOD TRAY,1074
SET/4 DAISY MIRROR MAGNETS,1254
WOOD STAMP SET FLOWERS,1500
WOOD STAMP SET THANK YOU,1502
PLAYING CARDS KEEP CALM & CARRY ON,959
PACK OF 6 SMALL FRUIT STRAWS,843
DOGGY RUBBER,358
CHRISTMAS STAR WISH LIST CHALKBOARD,299
BLACK PIRATE TREASURE CHEST,134
ASSORTED COLOUR T-LIGHT HOLDER,83
LUNCH BAG PAISLEY PARK,701
VINTAGE BELLS GARLAND,1431
ANTIQUE SILVER BAUBLE LAMP,73
BLUE FLY SWAT,143
DOORMAT VINTAGE LEAF,390
MIRRORED WALL ART TABLE LAMP,772
FLUTED ANTIQUE CANDLE HOLDER,472
HANGING HEART MIRROR DECORATION,555
RETROSPOT WOODEN HEART DECORATION,1088
GLITTER HEART DECORATION,523
STAR DECORATION PAINTED ZINC,1333
LOVEBIRD HANGING DECORATION WHITE,693
HEART DECORATION PAINTED ZINC,564
YELLOW SHARK HELICOPTER,1555
GLITTER CHRISTMAS TREE WITH BELLS,522
HANGING HEART WITH BELL,556
VINTAGE DOILY JUMBO BAG RED,1446
POSTE FRANCE CUSHION COVER,974
ROSE DU SUD CUSHION COVER,1111
HOT STUFF HOT WATER BOTTLE,585
CHARLIE + LOLA RED HOT WATER BOTTLE,237
VINTAGE DOILY DELUXE SEWING KIT,1445
WALL ART BICYCLE SAFETY,1470
SET OF 6 RIBBONS VINTAGE CHRISTMAS,1222
60 CAKE CASES VINTAGE CHRISTMAS,45
3 RAFFIA RIBBONS 50'S CHRISTMAS,17
TRADITIONAL PICK UP STICKS GAME,1393
RUSTIC STRAWBERRY JAM POT LARGE,1123
BOTANICAL LILY GREETING CARD,169
BLUE POLKADOT PASSPORT COVER,156
EGG CUP MILKMAID HELGA,411
SET OF TEA COFFEE SUGAR TINS PANTRY,1241
SET 6 PAPER TABLE LANTERN STARS,1161
ANTIQUE SILVER T-LIGHT GLASS,74
VINTAGE JINGLE BELLS HEART,1451
HAND WARMER RED LOVE HEART,548
HAND WARMER BIRD DESIGN,547
CHRISTMAS METAL POSTCARD WITH BELLS,294
T-LIGHT HOLDER HANGING LOVE BIRD,1364
NECKLACE+BRACELET SET BLUE HIBISCUS,792
LARGE WHITE HEART OF WICKER,677
EMBROIDERED RIBBON REEL DAISY,418
EMBROIDERED RIBBON REEL SALLY,422
EMBROIDERED RIBBON REEL SUSIE,423
SMALL WHITE HEART OF WICKER,1303
DECORATIVE WICKER HEART LARGE,346
WOODEN STAR CHRISTMAS SCANDINAVIAN,1515
WOODEN HEART CHRISTMAS SCANDINAVIAN,1508
IVORY WICKER HEART MEDIUM,609
WOODEN TREE CHRISTMAS SCANDINAVIAN,1516
PAPER BUNTING PAISLEY PARK,863
CHRISTMAS TREE PAINTED ZINC,302
GLITTER CHRISTMAS STAR,521
SMALL HANGING IVORY/RED WOOD BIRD,1294
ROTATING LEAVES T-LIGHT HOLDER,1113
HEART MINI PORTRAIT FRAME,567
BEADED CRYSTAL HEART BLUE  LARGE,112
3 STRIPEY MICE FELTCRAFT,18
IVORY WICKER HEART SMALL,610
WICKER WREATH SMALL,1496
RED/CREAM STRIPE CUSHION COVER,1059
CARDHOLDER GINGHAM CHRISTMAS TREE,221
PEARLISED IVORY HEART SMALL,898
3D SHEET OF DOG STICKERS,30
PACK 3 IRON ON DOG PATCHES,813
3D DOG PICTURE PLAYING CARDS,28
CREAM SLICE FLANNEL PINK SPOT,331
15CM CHRISTMAS GLASS BALL 20 LIGHTS,10
CHRISTMAS HANGING SNOWFLAKE,290
METAL MERRY CHRISTMAS WREATH,739
CHRISTMAS GINGHAM TREE,289
CINNAMON SCENTED VOTIVE CANDLE,305
VICTORIAN  METAL POSTCARD SPRING,1426
CHRISTMAS GINGHAM STAR,288
PACK OF SIX LED TEA LIGHTS,851
WALL ART KEEP CALM,1472
LANDMARK FRAME OXFORD STREET,664
LANDMARK FRAME NOTTING HILL,663
LANDMARK FRAME COVENT GARDEN,662
3D TRADITIONAL CHRISTMAS STICKERS,31
DOORMAT 3 SMILEY CATS,371
WOODEN ADVENT CALENDAR CREAM,1503
CHRISTMAS CRAFT TREE TOP ANGEL,286
GARLAND WITH HEARTS AND BELLS,501
GLITTER STAR GARLAND WITH BELLS,524
PINK  HONEYCOMB PAPER FAN,917
MIRRORED DISCO BALL,767
FELTCRAFT BOY JEAN-PAUL KIT,453
WALL ART 70'S ALPHABET,1469
ALUMINIUM STAMPED HEART,67
PRETTY HANGING QUILTED HEARTS,977
DOLLY HONEYCOMB GARLAND,368
LUNCH BAG RED VINTAGE DOILY,704
DISCO BALL CHRISTMAS DECORATION,353
SMALL RED BABUSHKA NOTEBOOK,1298
PARTY CONE CHRISTMAS DECORATION,885
VINTAGE ZINC WATERING CAN,1466
HEART FILIGREE DOVE  SMALL,565
PAPER BUNTING VINTAGE PARTY,866
CHRISTMAS LIGHTS 10 SANTAS,292
RED REFECTORY CLOCK,1020
PACK OF 12 STICKY BUNNIES,826
WOODLAND STORAGE BOX SMALL,1532
PACK OF 12 VINTAGE CHRISTMAS TISSUE,829
WAKE UP COCKEREL CALENDAR SIGN,1467
BROCANTE SHELF WITH HOOKS,182
YELLOW GIANT GARDEN THERMOMETER,1554
VICTORIAN SEWING BOX MEDIUM,1429
HANGING  BUTTERFLY T-LIGHT HOLDER,552
PURPLE DRAWERKNOB ACRYLIC EDWARDIAN,979
RED DRAWER KNOB ACRYLIC EDWARDIAN,1005
NINE DRAWER OFFICE TIDY,793
DRAWER KNOB VINTAGE GLASS STAR,401
DRAWER KNOB VINTAGE GLASS HEXAGON,400
DRAWER KNOB CERAMIC RED,395
DRAWER KNOB VINTAGE GLASS BALL,399
CORDIAL GLASS JUG,324
RASTA IN BATH W SPLIFF ASHTRAY,985
ASSTD RASTA KEY-CHAINS,94
CINAMMON & ORANGE WREATH,304
HEART SHAPED HOLLY WREATH,569
CARD HOLDER LOVE BIRD SMALL,214
VINTAGE GLASS T-LIGHT HOLDER,1449
ROTATING SILVER ANGELS T-LIGHT HLDR,1114
CAT BOWL VINTAGE CREAM,227
ENAMEL BLUE RIM COFFEE CONTAINER,426
ICON MUG REVOLUTIONARY,599
VEGETABLE GARDEN CHOPPING BOARD,1425
SET 3 WICKER STORAGE BASKETS,1153
ENGLISH ROSE HOT WATER BOTTLE,433
RED HANGING HEART T-LIGHT HOLDER,1012
HEARTS  STICKERS,573
WOODEN REGATTA BUNTING,1511
BULL DOG BOTTLE TOP WALL CLOCK,186
TUSCAN VILLA BIRD FEEDER,1416
CHRISTMAS RETROSPOT TREE WOOD,298
HENRIETTA HEN MUG,575
A PRETTY THANK YOU CARD,49
CHRISTMAS CARD SCREEN PRINT,283
BUNNY WOODEN PAINTED WITH BIRD,190
RED KUKUI COCONUT SEED NECKLACE,1015
BROWN KUKUI COCONUT SEED NECKLACE,184
BILI NUT AND WOOD NECKLACE,116
VINTAGE CHRISTMAS STOCKING,1440
CARD MOTORBIKE SANTA,216
MOCK LOBSTER FRIDGE MAGNET,775
BLUE SCOTTIE DOG W FLOWER PATTERN,162
MEASURING TAPE BABUSHKA BLUE,732
GREEN METAL BOX ARMY SUPPLIES,531
PINK SCOTTIE DOG W FLOWER PATTERN,945
COLOURING PENCILS BROWN TUBE,322
SET 36 COLOURING PENCILS DOILY,1157
SNACK TRAY RED VINTAGE DOILY,1310
SNACK TRAY PAISLEY PARK,1308
SNACK TRAY RED GINGHAM,1309
DOILY THANK YOU CARD,360
WOODLAND LARGE PINK FELT HEART,1524
WOODLAND SMALL RED FELT HEART,1530
WOODLAND LARGE RED FELT HEART,1525
WOODLAND SMALL BLUE FELT HEART,1528
WOODLAND LARGE BLUE FELT HEART,1523
SWALLOW WOODEN CHRISTMAS DECORATION,1353
LARGE PURPLE BABUSHKA NOTEBOOK,674
LARGE YELLOW BABUSHKA NOTEBOOK,678
LARGE RED BABUSHKA NOTEBOOK,675
DOORMAT FANCY FONT HOME SWEET HOME,376
GIFT BAG PSYCHEDELIC APPLES,505
50'S CHRISTMAS GIFT BAG LARGE,38
MINT GREEN ROSE TOWEL,765
SNACK TRAY HAPPY FOREST,1306
RED ENCHANTED FOREST PLACEMAT,1007
PINK POLKADOT PLATE,942
PAPER LANTERN 9 POINT SNOW STAR,874
DOORMAT FAIRY CAKE,375
SKULLS STORAGE BOX LARGE,1286
SNACK TRAY I LOVE LONDON,1307
SET OF 6 RIBBONS PERFECTLY PRETTY,1221
VICTORIAN SEWING BOX LARGE,1428
